[{"model": "contenttypes.contenttype", "pk": 1, "fields": {"app_label": "admin", "model": "logentry"}}, {"model": "contenttypes.contenttype", "pk": 2, "fields": {"app_label": "auth", "model": "permission"}}, {"model": "contenttypes.contenttype", "pk": 3, "fields": {"app_label": "auth", "model": "group"}}, {"model": "contenttypes.contenttype", "pk": 4, "fields": {"app_label": "auth", "model": "user"}}, {"model": "contenttypes.contenttype", "pk": 5, "fields": {"app_label": "contenttypes", "model": "contenttype"}}, {"model": "contenttypes.contenttype", "pk": 6, "fields": {"app_label": "sessions", "model": "session"}}, {"model": "contenttypes.contenttype", "pk": 7, "fields": {"app_label": "goodsApp", "model": "category"}}, {"model": "contenttypes.contenttype", "pk": 8, "fields": {"app_label": "goodsApp", "model": "products"}}, {"model": "contenttypes.contenttype", "pk": 9, "fields": {"app_label": "goodsApp", "model": "aboutpage"}}, {"model": "contenttypes.contenttype", "pk": 10, "fields": {"app_label": "goodsApp", "model": "navlink"}}, {"model": "contenttypes.contenttype", "pk": 11, "fields": {"app_label": "goodsApp", "model": "partner"}}, {"model": "contenttypes.contenttype", "pk": 12, "fields": {"app_label": "goodsApp", "model": "post"}}, {"model": "contenttypes.contenttype", "pk": 13, "fields": {"app_label": "goodsApp", "model": "event"}}, {"model": "contenttypes.contenttype", "pk": 14, "fields": {"app_label": "goodsApp", "model": "backgroundimage"}}, {"model": "contenttypes.contenttype", "pk": 15, "fields": {"app_label": "goodsApp", "model": "headermodel"}}, {"model": "contenttypes.contenttype", "pk": 16, "fields": {"app_label": "goodsApp", "model": "contactus"}}, {"model": "sessions.session", "pk": "4vghiqgsqej31iiyo2yo0xqg2sj3tc63", "fields": {"session_data": "MzRlMDJmOWJlOWM2YWE2ZjAzMjBkOTg1YzYwYmU1N2YwODAyZmYzNTp7Il9hdXRoX3VzZXJfaWQiOiIzIiwiX2F1dGhfdXNlcl9iYWNrZW5kIjoiZGphbmdvLmNvbnRyaWIuYXV0aC5iYWNrZW5kcy5Nb2RlbEJhY2tlbmQiLCJfYXV0aF91c2VyX2hhc2giOiJlOWZiMmVmM2I1OWQ2OGFkM2EwNzViN2M3OTAyNDJlNjM1NWZmYThlIn0=", "expire_date": "2020-02-08T12:49:49.565Z"}}, {"model": "sessions.session", "pk": "6sut675fywxo0i69jf07w4xwu6m9ija0", "fields": {"session_data": "N2NhNTQyMjEwOTQ5NGQ2MjkxN2UwMjliYzMxOGQ1NmNlMWU4MDI0Mzp7Il9hdXRoX3VzZXJfaWQiOiIxIiwiX2F1dGhfdXNlcl9iYWNrZW5kIjoiZGphbmdvLmNvbnRyaWIuYXV0aC5iYWNrZW5kcy5Nb2RlbEJhY2tlbmQiLCJfYXV0aF91c2VyX2hhc2giOiIyZTU0YzcwYmQ4MzU4OGU2NzZlMzk0MTgxNDY1OGYwODI1YzlhYzVjIn0=", "expire_date": "2020-01-23T12:48:23.553Z"}}, {"model": "sessions.session", "pk": "awwk84fj486v065h6bq39qkqs7kzp76e", "fields": {"session_data": "OWZhZDQyYTIxZjRhMDNjNzIzMmJhYTA0ZTI1MDk0OGU5Nzc2YTAyNzp7Il9hdXRoX3VzZXJfaWQiOiIxIiwiX2F1dGhfdXNlcl9iYWNrZW5kIjoiZGphbmdvLmNvbnRyaWIuYXV0aC5iYWNrZW5kcy5Nb2RlbEJhY2tlbmQiLCJfYXV0aF91c2VyX2hhc2giOiI1MmJjYjQzM2ZmODBhNzAzMGJiZGIzZDdkN2Y0OTkzYWM0MWI5ZmE2In0=", "expire_date": "2020-01-27T06:18:00.794Z"}}, {"model": "sessions.session", "pk": "h1enwnudkanzra4edzkex6da2yorq334", "fields": {"session_data": "N2NhNTQyMjEwOTQ5NGQ2MjkxN2UwMjliYzMxOGQ1NmNlMWU4MDI0Mzp7Il9hdXRoX3VzZXJfaWQiOiIxIiwiX2F1dGhfdXNlcl9iYWNrZW5kIjoiZGphbmdvLmNvbnRyaWIuYXV0aC5iYWNrZW5kcy5Nb2RlbEJhY2tlbmQiLCJfYXV0aF91c2VyX2hhc2giOiIyZTU0YzcwYmQ4MzU4OGU2NzZlMzk0MTgxNDY1OGYwODI1YzlhYzVjIn0=", "expire_date": "2020-01-24T16:14:21.476Z"}}, {"model": "sessions.session", "pk": "hbv14k42uqorm7n9rx419qoyjis0he5w", "fields": {"session_data": "NGRmNTc1ZGQwMmM3OTA1YjQ3ZWI2ZWQzMzU2ZTA2ZDgyMjVhYTExMDp7Il9hdXRoX3VzZXJfaWQiOiIxIiwiX2F1dGhfdXNlcl9iYWNrZW5kIjoiZGphbmdvLmNvbnRyaWIuYXV0aC5iYWNrZW5kcy5Nb2RlbEJhY2tlbmQiLCJfYXV0aF91c2VyX2hhc2giOiI4ZjJhNTM1MmY1YWZiNjZlZTNjZDlkYTA3NjcxZWNiZDJhZGJmOWY1In0=", "expire_date": "2020-01-31T15:18:55.325Z"}}, {"model": "sessions.session", "pk": "hdmdy65r4apvs6yzqfb3kg5gqzhxn44i", "fields": {"session_data": "ZTMyNDQzYTU2MDM1YWM2OWNkNDIyMjllODYxMjQ4N2Y2NmRkYWJmYTp7Il9hdXRoX3VzZXJfaWQiOiIyIiwiX2F1dGhfdXNlcl9iYWNrZW5kIjoiZGphbmdvLmNvbnRyaWIuYXV0aC5iYWNrZW5kcy5Nb2RlbEJhY2tlbmQiLCJfYXV0aF91c2VyX2hhc2giOiJjYTkxMzEyNGZjYTg0OGI2NWViMDUzNmVhMDk2OWVkODQ1MDRiOWI5In0=", "expire_date": "2020-02-02T08:47:32.255Z"}}, {"model": "sessions.session", "pk": "pss147hvgvr27clqugoxootrmyuptbdm", "fields": {"session_data": "N2NhNTQyMjEwOTQ5NGQ2MjkxN2UwMjliYzMxOGQ1NmNlMWU4MDI0Mzp7Il9hdXRoX3VzZXJfaWQiOiIxIiwiX2F1dGhfdXNlcl9iYWNrZW5kIjoiZGphbmdvLmNvbnRyaWIuYXV0aC5iYWNrZW5kcy5Nb2RlbEJhY2tlbmQiLCJfYXV0aF91c2VyX2hhc2giOiIyZTU0YzcwYmQ4MzU4OGU2NzZlMzk0MTgxNDY1OGYwODI1YzlhYzVjIn0=", "expire_date": "2020-01-25T09:16:35.168Z"}}, {"model": "sessions.session", "pk": "pz3qgohpvxf8ael22pfrv79yy54nc521", "fields": {"session_data": "MzRlMDJmOWJlOWM2YWE2ZjAzMjBkOTg1YzYwYmU1N2YwODAyZmYzNTp7Il9hdXRoX3VzZXJfaWQiOiIzIiwiX2F1dGhfdXNlcl9iYWNrZW5kIjoiZGphbmdvLmNvbnRyaWIuYXV0aC5iYWNrZW5kcy5Nb2RlbEJhY2tlbmQiLCJfYXV0aF91c2VyX2hhc2giOiJlOWZiMmVmM2I1OWQ2OGFkM2EwNzViN2M3OTAyNDJlNjM1NWZmYThlIn0=", "expire_date": "2020-02-08T10:23:16.961Z"}}, {"model": "sessions.session", "pk": "q5q0mj850e889bxgtylokjb7v227bj05", "fields": {"session_data": "N2NhNTQyMjEwOTQ5NGQ2MjkxN2UwMjliYzMxOGQ1NmNlMWU4MDI0Mzp7Il9hdXRoX3VzZXJfaWQiOiIxIiwiX2F1dGhfdXNlcl9iYWNrZW5kIjoiZGphbmdvLmNvbnRyaWIuYXV0aC5iYWNrZW5kcy5Nb2RlbEJhY2tlbmQiLCJfYXV0aF91c2VyX2hhc2giOiIyZTU0YzcwYmQ4MzU4OGU2NzZlMzk0MTgxNDY1OGYwODI1YzlhYzVjIn0=", "expire_date": "2020-01-26T19:11:05.808Z"}}, {"model": "goodsApp.category", "pk": 1, "fields": {"name": "Alcohol Drinks"}}, {"model": "goodsApp.category", "pk": 2, "fields": {"name": "Clothing"}}, {"model": "goodsApp.category", "pk": 3, "fields": {"name": "MIlk Products"}}, {"model": "goodsApp.category", "pk": 4, "fields": {"name": "Handmade"}}, {"model": "goodsApp.category", "pk": 5, "fields": {"name": "Meat & Meat Products"}}, {"model": "goodsApp.category", "pk": 6, "fields": {"name": "Services"}}, {"model": "goodsApp.category", "pk": 7, "fields": {"name": "Machinery"}}, {"model": "goodsApp.category", "pk": 8, "fields": {"name": "Agriculture Products"}}, {"model": "goodsApp.category", "pk": 9, "fields": {"name": "Pharmaceuticals"}}, {"model": "goodsApp.category", "pk": 10, "fields": {"name": "Franchises"}}, {"model": "goodsApp.products", "pk": 1, "fields": {"name": "Savalan", "image": "categories/WhatsApp_Image_2020-01-07_at_14.26.33_szZgy7c.jpeg", "price": 10.0, "contact": "Qebele", "email": "info@savalan.az", "made_in": "Azerbaycan", "url": "azeri.com", "description": "Qeseng caxirdi", "add_info": "super bir seydir", "category": 1, "created_at": "2020-01-09T12:50:58.572Z", "updated_at": "2020-01-25T10:29:58.204Z"}}, {"model": "goodsApp.products", "pk": 2, "fields": {"name": "Qebele Stary Dvornik", "image": "categories/qebele1.jpg", "price": 9.0, "contact": "+994559730273", "email": "ramin.chopurov@gmail.com", "made_in": "Azerbaijan", "url": "/product-detail/", "description": "Gozel sherab", "add_info": "Dehsetdir", "category": 1, "created_at": "2020-01-11T09:22:38.251Z", "updated_at": "2020-01-25T10:29:58.204Z"}}, {"model": "goodsApp.products", "pk": 3, "fields": {"name": "Qebele Shakh", "image": "categories/pqebele2.jpg", "price": 5.0, "contact": "+994559730273", "email": "ramin.chopurov@gmail.com", "made_in": "Azerbaijan", "url": "/product-detail/", "description": "Lorem ipsum Lorem ipsum Lorem ipsum Lorem ipsum Lorem ipsum Lorem ipsum Lorem ipsum Lorem ipsum Lorem ipsum Lorem ipsum Lorem ipsum Lorem ipsum Lorem ipsum Lorem ipsum Lorem ipsum Lorem ipsum Lorem ipsum Lorem ipsum Lorem ipsum Lorem ipsum Lorem ipsum Lorem ipsum Lorem ipsum Lorem ipsum Lorem ipsum Lorem ipsum Lorem ipsum Lorem ipsum Lorem ipsum Lorem ipsum Lorem ipsum Lorem ipsum Lorem ipsum Lorem ipsum Lorem ipsum Lorem ipsum Lorem ipsum", "add_info": "Pis dogul", "category": 1, "created_at": "2020-01-11T09:24:33.988Z", "updated_at": "2020-01-25T10:29:58.204Z"}}, {"model": "goodsApp.products", "pk": 4, "fields": {"name": "Men Jeans", "image": "categories/jeans_1.jpg", "price": 15.0, "contact": "+994559730273", "email": "ramin.chopurov@gmail.com", "made_in": "Azerbaijan", "url": "/product-detail/", "description": "ela keyfiyyet", "add_info": "beli", "category": 2, "created_at": "2020-01-11T09:29:13.889Z", "updated_at": "2020-01-25T10:29:58.204Z"}}, {"model": "goodsApp.products", "pk": 5, "fields": {"name": "Women Jeans", "image": "categories/jeans_2.jpeg", "price": 21.0, "contact": "+994559730273", "email": "ramin.chopurov@gmail.com", "made_in": "Azerbaijan", "url": "/product-detail/", "description": "ela keyfiyyet", "add_info": "beli", "category": 2, "created_at": "2020-01-11T09:31:14.153Z", "updated_at": "2020-01-25T10:29:58.204Z"}}, {"model": "goodsApp.products", "pk": 6, "fields": {"name": "Cheese Qaymaq", "image": "categories/cheese_qaymaq.jpg", "price": 5.0, "contact": "+994559730273", "email": "ramin.chopurov@gmail.com", "made_in": "Azerbaijan", "url": "/product-detail/", "description": "100% natural product", "add_info": "I hope", "category": 3, "created_at": "2020-01-12T19:24:16.332Z", "updated_at": "2020-01-25T10:29:58.204Z"}}, {"model": "goodsApp.products", "pk": 7, "fields": {"name": "Nehre Butter", "image": "categories/nehre_butter.jpg", "price": 8.0, "contact": "+994559730273", "email": "ramin.chopurov@gmail.com", "made_in": "Azerbaijan", "url": "/product-detail/", "description": "100% natural product", "add_info": "I guess", "category": 3, "created_at": "2020-01-12T19:25:35.812Z", "updated_at": "2020-01-25T10:29:58.204Z"}}, {"model": "goodsApp.products", "pk": 8, "fields": {"name": "Dovga Qaymaq", "image": "categories/dovga_qaymaq.jpg", "price": 3.0, "contact": "+994559730273", "email": "ramin.chopurov@gmail.com", "made_in": "Azerbaijan", "url": "/product-detail/", "description": "100% natural product", "add_info": "Seems like", "category": 3, "created_at": "2020-01-12T19:26:41.094Z", "updated_at": "2020-01-25T10:29:58.204Z"}}, {"model": "goodsApp.products", "pk": 9, "fields": {"name": "Kabazadeh", "image": "categories/kabazadeh.jpeg", "price": 21000.0, "contact": "+994559730273", "email": "ramin.chopurov@gmail.com", "made_in": "Azerbaijan", "url": "/product-detail/", "description": "Tastes not bad", "add_info": "Not bad", "category": 10, "created_at": "2020-01-12T19:30:58.473Z", "updated_at": "2020-01-25T10:29:58.204Z"}}, {"model": "goodsApp.products", "pk": 10, "fields": {"name": "Shaurma \u21161", "image": "categories/shaurma_n1.png", "price": 30000.0, "contact": "+994559730273", "email": "ramin.chopurov@gmail.com", "made_in": "Azerbaijan", "url": "/product-detail/", "description": "Unforgettable taste", "add_info": "Yup", "category": 10, "created_at": "2020-01-12T19:33:34.199Z", "updated_at": "2020-01-25T10:29:58.204Z"}}, {"model": "goodsApp.products", "pk": 11, "fields": {"name": "Handmade Scarfs", "image": "categories/handmade_scarfs.jpg", "price": 70.0, "contact": "+994559730273", "email": "ramin.chopurov@gmail.com", "made_in": "Azerbaijan", "url": "/product-detail/", "description": "100% silk", "add_info": "should be", "category": 4, "created_at": "2020-01-12T19:38:44.482Z", "updated_at": "2020-01-25T10:29:58.204Z"}}, {"model": "goodsApp.products", "pk": 12, "fields": {"name": "Handmade Nards", "image": "categories/handmade_nards.jpg", "price": 100.0, "contact": "+994559730273", "email": "ramin.chopurov@gmail.com", "made_in": "Azerbaijan", "url": "/product-detail/", "description": "jewelry work", "add_info": "Yup", "category": 4, "created_at": "2020-01-12T19:39:42.669Z", "updated_at": "2020-01-25T10:29:58.204Z"}}, {"model": "goodsApp.products", "pk": 13, "fields": {"name": "Handmade Carpet", "image": "categories/\u015e\u0259kil-Bico_xal\u00e7as\u0131.jpg", "price": 700.0, "contact": "+994559730273", "email": "ramin.chopurov@gmail.com", "made_in": "Azerbaijan", "url": "/product-detail/", "description": "100% silk", "add_info": "I guess", "category": 4, "created_at": "2020-01-12T19:40:38.011Z", "updated_at": "2020-01-25T10:29:58.204Z"}}, {"model": "goodsApp.products", "pk": 14, "fields": {"name": "Abad Kolbasa", "image": "categories/abad_kolbasa.jpeg", "price": 5.0, "contact": "+994559730273", "email": "ramin.chopurov@gmail.com", "made_in": "Azerbaijan", "url": "/product-detail/", "description": "Should be edible", "add_info": "I hope", "category": 5, "created_at": "2020-01-12T19:43:08.032Z", "updated_at": "2020-01-25T10:29:58.204Z"}}, {"model": "goodsApp.products", "pk": 15, "fields": {"name": "Kral Kolbasa", "image": "categories/kral_kolbasa.jpeg", "price": 5.0, "contact": "+994559730273", "email": "ramin.chopurov@gmail.com", "made_in": "Azerbaijan", "url": "/product-detail/", "description": "Should be edible", "add_info": "I guess", "category": 5, "created_at": "2020-01-12T19:43:46.094Z", "updated_at": "2020-01-25T10:29:58.204Z"}}, {"model": "goodsApp.products", "pk": 16, "fields": {"name": "Banking Services", "image": "categories/banking_services.jpeg", "price": 0.0, "contact": "+994559730273", "email": "ramin.chopurov@gmail.com", "made_in": "Azerbaijan", "url": "/product-detail/", "description": "Long History of Experience", "add_info": "Seems like", "category": 6, "created_at": "2020-01-12T19:47:02.946Z", "updated_at": "2020-01-25T10:29:58.204Z"}}, {"model": "goodsApp.products", "pk": 17, "fields": {"name": "Consulting Services", "image": "categories/consulting_services.jpeg", "price": 0.0, "contact": "+994559730273", "email": "ramin.chopurov@gmail.com", "made_in": "Azerbaijan", "url": "/product-detail/", "description": "Long history of Experience", "add_info": "should be", "category": 6, "created_at": "2020-01-12T19:47:47.149Z", "updated_at": "2020-01-25T10:29:58.204Z"}}, {"model": "goodsApp.products", "pk": 18, "fields": {"name": "Naz Auto", "image": "categories/naz_auto.jpeg", "price": 20000.0, "contact": "+994559730273", "email": "ramin.chopurov@gmail.com", "made_in": "Azerbaijan", "url": "/product-detail/", "description": "not bad", "add_info": "not bad", "category": 7, "created_at": "2020-01-12T19:49:58.455Z", "updated_at": "2020-01-25T10:29:58.204Z"}}, {"model": "goodsApp.products", "pk": 19, "fields": {"name": "Khazar Auto", "image": "categories/xezer_auto.jpeg", "price": 20000.0, "contact": "+994559730273", "email": "ramin.chopurov@gmail.com", "made_in": "Azerbaijan", "url": "/product-detail/", "description": "not bad", "add_info": "Not bad", "category": 7, "created_at": "2020-01-12T19:50:38.871Z", "updated_at": "2020-01-25T10:29:58.204Z"}}, {"model": "goodsApp.products", "pk": 20, "fields": {"name": "Tomatoes", "image": "categories/tomatoes.jpeg", "price": 3.0, "contact": "+994559730273", "email": "ramin.chopurov@gmail.com", "made_in": "Azerbaijan", "url": "/product-detail/", "description": "high quality", "add_info": "probably", "category": 8, "created_at": "2020-01-12T19:53:46.890Z", "updated_at": "2020-01-25T10:29:58.204Z"}}, {"model": "goodsApp.products", "pk": 21, "fields": {"name": "Persimmon", "image": "categories/percimon.jpeg", "price": 5.0, "contact": "+994559730273", "email": "ramin.chopurov@gmail.com", "made_in": "Azerbaijan", "url": "/product-detail/", "description": "100% natural product", "add_info": "sweet like sneakers", "category": 8, "created_at": "2020-01-12T19:54:53.133Z", "updated_at": "2020-01-25T10:29:58.204Z"}}, {"model": "goodsApp.products", "pk": 22, "fields": {"name": "Hazelnuts", "image": "categories/hazelnut.jpeg", "price": 7.0, "contact": "+994559730273", "email": "ramin.chopurov@gmail.com", "made_in": "Azerbaijan", "url": "/product-detail/", "description": "The Best in the World", "add_info": "One of the best actually", "category": 8, "created_at": "2020-01-12T19:55:41.862Z", "updated_at": "2020-01-25T10:29:58.204Z"}}, {"model": "goodsApp.products", "pk": 23, "fields": {"name": "Ethnoscience", "image": "categories/ethnicdrugs.jpeg", "price": 9.0, "contact": "+994559730273", "email": "ramin.chopurov@gmail.com", "made_in": "Azerbaijan", "url": "/product-detail/", "description": "Organic", "add_info": "100% organic", "category": 9, "created_at": "2020-01-12T19:59:16.572Z", "updated_at": "2020-01-25T10:29:58.204Z"}}, {"model": "goodsApp.products", "pk": 24, "fields": {"name": "Milk", "image": "categories/milkkk.jpg", "price": 5.0, "contact": "+994559730273", "email": "ramin.chopurov@gmail.com", "made_in": "Azerbaijan", "url": "/product-detail/", "description": "yummy", "add_info": "healthy", "category": 3, "created_at": "2020-01-17T15:20:22.386Z", "updated_at": "2020-01-25T10:29:58.204Z"}}, {"model": "goodsApp.products", "pk": 25, "fields": {"name": "Milk", "image": "categories/milkkk_05yqsfO.jpg", "price": 5.0, "contact": "+994559730273", "email": "ramin.chopurov@gmail.com", "made_in": "Azerbaijan", "url": "/product-detail/", "description": "yummy", "add_info": "healthy", "category": 3, "created_at": "2020-01-17T15:21:30.685Z", "updated_at": "2020-01-25T10:29:58.204Z"}}, {"model": "goodsApp.products", "pk": 26, "fields": {"name": "Milk", "image": "categories/milkkk_KZoePUX.jpg", "price": 5.0, "contact": "+994559730273", "email": "ramin.chopurov@gmail.com", "made_in": "Azerbaijan", "url": "/product-detail/", "description": "yummy", "add_info": "healthy", "category": 3, "created_at": "2020-01-17T15:22:34.646Z", "updated_at": "2020-01-25T10:29:58.204Z"}}, {"model": "goodsApp.products", "pk": 27, "fields": {"name": "Milk", "image": "categories/milkkk_cnSRSiC.jpg", "price": 5.0, "contact": "+994559730273", "email": "ramin.chopurov@gmail.com", "made_in": "Azerbaijan", "url": "/product-detail/", "description": "yummy", "add_info": "healthy", "category": 3, "created_at": "2020-01-17T15:23:54.601Z", "updated_at": "2020-01-25T10:29:58.204Z"}}, {"model": "goodsApp.products", "pk": 28, "fields": {"name": "product xxxxx", "image": "categories/git.jpeg", "price": 15.0, "contact": "12312342134123", "email": "fdasdsadfsadf6@mail.ru", "made_in": "Azerbaijan", "url": "/poructs/", "description": "sdfsdasfsdsdfsdasfsdsdfsdasfsdsdfsdasfsdsdfsdasfsdsdfsdasfsdsdfsda\r\nsfsdsdfsdasfsd\r\nsdfsdasfsd\r\nsdfsdasfsdsdfsdasfsdsdfsdasfsd\r\nsdfsdasfsdsdfsdasfsd\r\nsdfsdasfsd", "add_info": "dsadfasdf", "category": 1, "created_at": "2020-01-25T10:25:07.994Z", "updated_at": "2020-01-25T10:29:58.204Z"}}, {"model": "goodsApp.products", "pk": 29, "fields": {"name": "dfsadasf", "image": "categories/blog-03.jpg", "price": 3223.0, "contact": "12312342134123", "email": "cavidan.mahmudoglu@gmail.com", "made_in": "Azerbaijan", "url": "/poructs/", "description": "dewerqweqrw", "add_info": "erwqrqwreq", "category": 1, "created_at": "2020-01-26T10:43:07.766Z", "updated_at": "2020-01-26T10:43:07.766Z"}}, {"model": "goodsApp.products", "pk": 30, "fields": {"name": "ewrwqrweqr", "image": "categories/blog-03_8BhH9c8.jpg", "price": 211212.0, "contact": "12312342134123", "email": "cavidan.mahmudoglu@gmail.com", "made_in": "Azerbaijan", "url": "/poructs/", "description": "asfdsadfsdfa", "add_info": "asfdasfdasdf", "category": 8, "created_at": "2020-01-26T10:43:44.155Z", "updated_at": "2020-01-26T10:43:44.155Z"}}, {"model": "goodsApp.aboutpage", "pk": 1, "fields": {"title": "Our blog", "text": "Lorem ipsum doler amed Lorem ipsum doler amed Lorem ipsum doler amed Lorem ipsum doler amed Lorem ipsum doler amed Lorem ipsum doler amed Lorem ipsum doler amed Lorem ipsum doler amed Lorem ipsum doler amed", "background_img": "dish1.jpg", "image": "categories/sekil3.png", "created_at": "2020-01-19T09:50:35.401Z", "updated_at": "2020-01-19T09:50:35.401Z"}}, {"model": "goodsApp.partner", "pk": 1, "fields": {"partner_name": "HTML", "partner_image": "categories/CtechF-HTML-5-tutorial-Introduction-.png", "partner_des": "Lorem ipsum doler amed", "created_at": "2020-01-19T09:52:03.882Z", "updated_at": "2020-01-19T09:52:03.882Z"}}, {"model": "goodsApp.partner", "pk": 2, "fields": {"partner_name": "CSS", "partner_image": "categories/sekil1.png", "partner_des": "Lorem ipsum doler amed", "created_at": "2020-01-19T09:52:24.690Z", "updated_at": "2020-01-19T09:52:24.690Z"}}, {"model": "goodsApp.partner", "pk": 4, "fields": {"partner_name": "JS", "partner_image": "categories/sekil2.png", "partner_des": "Lorem ipsum doler amed", "created_at": "2020-01-19T09:52:50.383Z", "updated_at": "2020-01-19T09:52:50.383Z"}}, {"model": "goodsApp.partner", "pk": 5, "fields": {"partner_name": "Python", "partner_image": "categories/sekil3_TOE7ykQ.png", "partner_des": "Lorem ipsum doler amed", "created_at": "2020-01-19T09:53:08.882Z", "updated_at": "2020-01-19T09:53:08.882Z"}}, {"model": "goodsApp.partner", "pk": 6, "fields": {"partner_name": "ozum", "partner_image": "partner_image/photo_2019-11-29_16-24-11.jpg", "partner_des": "loremloremloremloremloremlorem", "created_at": "2020-01-25T11:26:03.368Z", "updated_at": "2020-01-25T11:26:03.368Z"}}, {"model": "goodsApp.navlink", "pk": 1, "fields": {"title": "Home", "url": "/", "active": true, "created_at": "2020-01-19T09:47:07.793Z", "updated_at": "2020-01-19T10:03:22.235Z"}}, {"model": "goodsApp.navlink", "pk": 2, "fields": {"title": "About", "url": "/about", "active": true, "created_at": "2020-01-19T09:47:23.839Z", "updated_at": "2020-01-19T10:02:16.719Z"}}, {"model": "goodsApp.navlink", "pk": 3, "fields": {"title": "Products", "url": "/products", "active": true, "created_at": "2020-01-19T09:48:05.901Z", "updated_at": "2020-01-19T10:02:01.580Z"}}, {"model": "goodsApp.navlink", "pk": 4, "fields": {"title": "Blog", "url": "/blog", "active": true, "created_at": "2020-01-19T13:17:11.230Z", "updated_at": "2020-01-25T11:03:12.863Z"}}, {"model": "goodsApp.navlink", "pk": 5, "fields": {"title": "Event", "url": "/event", "active": true, "created_at": "2020-01-25T12:50:09.407Z", "updated_at": "2020-01-25T12:50:09.407Z"}}, {"model": "goodsApp.navlink", "pk": 6, "fields": {"title": "Contact", "url": "/contact", "active": true, "created_at": "2020-01-25T15:06:28.148Z", "updated_at": "2020-01-25T15:06:28.148Z"}}, {"model": "goodsApp.headermodel", "pk": 1, "fields": {"title": "PRODUCE", "description": "MADE IN AZERBAIJAN"}}, {"model": "goodsApp.backgroundimage", "pk": 1, "fields": {"header": 1, "image": "background/abad_kolbasa.jpeg"}}, {"model": "goodsApp.backgroundimage", "pk": 2, "fields": {"header": 1, "image": "background/dovga_qaymaq.jpg"}}, {"model": "goodsApp.backgroundimage", "pk": 3, "fields": {"header": 1, "image": "background/ethnicdrugs.jpeg"}}, {"model": "goodsApp.backgroundimage", "pk": 4, "fields": {"header": 1, "image": "background/xezer_auto.jpeg"}}, {"model": "goodsApp.contactus", "pk": 1, "fields": {"name": "cavidan", "email": "cavidan.mahmudoglu@gmail.com", "phone_number": "0516517343", "message": "sdfghj"}}, {"model": "goodsApp.contactus", "pk": 2, "fields": {"name": "xsdsfas", "email": "dasdfsadfsad@gmail.com", "phone_number": "0516517343", "message": "sdfsafdasfdas"}}, {"model": "auth.permission", "pk": 1, "fields": {"name": "Can add log entry", "content_type": 1, "codename": "add_logentry"}}, {"model": "auth.permission", "pk": 2, "fields": {"name": "Can change log entry", "content_type": 1, "codename": "change_logentry"}}, {"model": "auth.permission", "pk": 3, "fields": {"name": "Can delete log entry", "content_type": 1, "codename": "delete_logentry"}}, {"model": "auth.permission", "pk": 4, "fields": {"name": "Can view log entry", "content_type": 1, "codename": "view_logentry"}}, {"model": "auth.permission", "pk": 5, "fields": {"name": "Can add permission", "content_type": 2, "codename": "add_permission"}}, {"model": "auth.permission", "pk": 6, "fields": {"name": "Can change permission", "content_type": 2, "codename": "change_permission"}}, {"model": "auth.permission", "pk": 7, "fields": {"name": "Can delete permission", "content_type": 2, "codename": "delete_permission"}}, {"model": "auth.permission", "pk": 8, "fields": {"name": "Can view permission", "content_type": 2, "codename": "view_permission"}}, {"model": "auth.permission", "pk": 9, "fields": {"name": "Can add group", "content_type": 3, "codename": "add_group"}}, {"model": "auth.permission", "pk": 10, "fields": {"name": "Can change group", "content_type": 3, "codename": "change_group"}}, {"model": "auth.permission", "pk": 11, "fields": {"name": "Can delete group", "content_type": 3, "codename": "delete_group"}}, {"model": "auth.permission", "pk": 12, "fields": {"name": "Can view group", "content_type": 3, "codename": "view_group"}}, {"model": "auth.permission", "pk": 13, "fields": {"name": "Can add user", "content_type": 4, "codename": "add_user"}}, {"model": "auth.permission", "pk": 14, "fields": {"name": "Can change user", "content_type": 4, "codename": "change_user"}}, {"model": "auth.permission", "pk": 15, "fields": {"name": "Can delete user", "content_type": 4, "codename": "delete_user"}}, {"model": "auth.permission", "pk": 16, "fields": {"name": "Can view user", "content_type": 4, "codename": "view_user"}}, {"model": "auth.permission", "pk": 17, "fields": {"name": "Can add content type", "content_type": 5, "codename": "add_contenttype"}}, {"model": "auth.permission", "pk": 18, "fields": {"name": "Can change content type", "content_type": 5, "codename": "change_contenttype"}}, {"model": "auth.permission", "pk": 19, "fields": {"name": "Can delete content type", "content_type": 5, "codename": "delete_contenttype"}}, {"model": "auth.permission", "pk": 20, "fields": {"name": "Can view content type", "content_type": 5, "codename": "view_contenttype"}}, {"model": "auth.permission", "pk": 21, "fields": {"name": "Can add session", "content_type": 6, "codename": "add_session"}}, {"model": "auth.permission", "pk": 22, "fields": {"name": "Can change session", "content_type": 6, "codename": "change_session"}}, {"model": "auth.permission", "pk": 23, "fields": {"name": "Can delete session", "content_type": 6, "codename": "delete_session"}}, {"model": "auth.permission", "pk": 24, "fields": {"name": "Can view session", "content_type": 6, "codename": "view_session"}}, {"model": "auth.permission", "pk": 25, "fields": {"name": "Can add category", "content_type": 7, "codename": "add_category"}}, {"model": "auth.permission", "pk": 26, "fields": {"name": "Can change category", "content_type": 7, "codename": "change_category"}}, {"model": "auth.permission", "pk": 27, "fields": {"name": "Can delete category", "content_type": 7, "codename": "delete_category"}}, {"model": "auth.permission", "pk": 28, "fields": {"name": "Can view category", "content_type": 7, "codename": "view_category"}}, {"model": "auth.permission", "pk": 29, "fields": {"name": "Can add products", "content_type": 8, "codename": "add_products"}}, {"model": "auth.permission", "pk": 30, "fields": {"name": "Can change products", "content_type": 8, "codename": "change_products"}}, {"model": "auth.permission", "pk": 31, "fields": {"name": "Can delete products", "content_type": 8, "codename": "delete_products"}}, {"model": "auth.permission", "pk": 32, "fields": {"name": "Can view products", "content_type": 8, "codename": "view_products"}}, {"model": "auth.permission", "pk": 33, "fields": {"name": "Can add about page", "content_type": 9, "codename": "add_aboutpage"}}, {"model": "auth.permission", "pk": 34, "fields": {"name": "Can change about page", "content_type": 9, "codename": "change_aboutpage"}}, {"model": "auth.permission", "pk": 35, "fields": {"name": "Can delete about page", "content_type": 9, "codename": "delete_aboutpage"}}, {"model": "auth.permission", "pk": 36, "fields": {"name": "Can view about page", "content_type": 9, "codename": "view_aboutpage"}}, {"model": "auth.permission", "pk": 37, "fields": {"name": "Can add nav link", "content_type": 10, "codename": "add_navlink"}}, {"model": "auth.permission", "pk": 38, "fields": {"name": "Can change nav link", "content_type": 10, "codename": "change_navlink"}}, {"model": "auth.permission", "pk": 39, "fields": {"name": "Can delete nav link", "content_type": 10, "codename": "delete_navlink"}}, {"model": "auth.permission", "pk": 40, "fields": {"name": "Can view nav link", "content_type": 10, "codename": "view_navlink"}}, {"model": "auth.permission", "pk": 41, "fields": {"name": "Can add partner", "content_type": 11, "codename": "add_partner"}}, {"model": "auth.permission", "pk": 42, "fields": {"name": "Can change partner", "content_type": 11, "codename": "change_partner"}}, {"model": "auth.permission", "pk": 43, "fields": {"name": "Can delete partner", "content_type": 11, "codename": "delete_partner"}}, {"model": "auth.permission", "pk": 44, "fields": {"name": "Can view partner", "content_type": 11, "codename": "view_partner"}}, {"model": "auth.permission", "pk": 45, "fields": {"name": "Can add post", "content_type": 12, "codename": "add_post"}}, {"model": "auth.permission", "pk": 46, "fields": {"name": "Can change post", "content_type": 12, "codename": "change_post"}}, {"model": "auth.permission", "pk": 47, "fields": {"name": "Can delete post", "content_type": 12, "codename": "delete_post"}}, {"model": "auth.permission", "pk": 48, "fields": {"name": "Can view post", "content_type": 12, "codename": "view_post"}}, {"model": "auth.permission", "pk": 49, "fields": {"name": "Can add event", "content_type": 13, "codename": "add_event"}}, {"model": "auth.permission", "pk": 50, "fields": {"name": "Can change event", "content_type": 13, "codename": "change_event"}}, {"model": "auth.permission", "pk": 51, "fields": {"name": "Can delete event", "content_type": 13, "codename": "delete_event"}}, {"model": "auth.permission", "pk": 52, "fields": {"name": "Can view event", "content_type": 13, "codename": "view_event"}}, {"model": "auth.permission", "pk": 53, "fields": {"name": "Can add background image", "content_type": 14, "codename": "add_backgroundimage"}}, {"model": "auth.permission", "pk": 54, "fields": {"name": "Can change background image", "content_type": 14, "codename": "change_backgroundimage"}}, {"model": "auth.permission", "pk": 55, "fields": {"name": "Can delete background image", "content_type": 14, "codename": "delete_backgroundimage"}}, {"model": "auth.permission", "pk": 56, "fields": {"name": "Can view background image", "content_type": 14, "codename": "view_backgroundimage"}}, {"model": "auth.permission", "pk": 57, "fields": {"name": "Can add header model", "content_type": 15, "codename": "add_headermodel"}}, {"model": "auth.permission", "pk": 58, "fields": {"name": "Can change header model", "content_type": 15, "codename": "change_headermodel"}}, {"model": "auth.permission", "pk": 59, "fields": {"name": "Can delete header model", "content_type": 15, "codename": "delete_headermodel"}}, {"model": "auth.permission", "pk": 60, "fields": {"name": "Can view header model", "content_type": 15, "codename": "view_headermodel"}}, {"model": "auth.permission", "pk": 61, "fields": {"name": "Can add contact us", "content_type": 16, "codename": "add_contactus"}}, {"model": "auth.permission", "pk": 62, "fields": {"name": "Can change contact us", "content_type": 16, "codename": "change_contactus"}}, {"model": "auth.permission", "pk": 63, "fields": {"name": "Can delete contact us", "content_type": 16, "codename": "delete_contactus"}}, {"model": "auth.permission", "pk": 64, "fields": {"name": "Can view contact us", "content_type": 16, "codename": "view_contactus"}}, {"model": "auth.user", "pk": 1, "fields": {"password": "pbkdf2_sha256$180000$flN5X2HpCUdD$qyc7gU4Bnjbal0haTnSNho0s9e9HxutonRSIuUiU/2U=", "last_login": "2020-01-17T15:18:55.307Z", "is_superuser": true, "username": "Ramin", "first_name": "", "last_name": "", "email": "", "is_staff": true, "is_active": true, "date_joined": "2020-01-09T12:46:55.073Z", "groups": [], "user_permissions": []}}, {"model": "auth.user", "pk": 2, "fields": {"password": "pbkdf2_sha256$180000$d285NoFyjHZa$lnXA2Th/CYSv22KytrbQU+eQJa6AyaaSi+SpWgLMDjk=", "last_login": "2020-01-19T08:47:32.134Z", "is_superuser": true, "username": "daglar", "first_name": "", "last_name": "", "email": "", "is_staff": true, "is_active": true, "date_joined": "2020-01-19T08:41:52.710Z", "groups": [], "user_permissions": []}}, {"model": "auth.user", "pk": 3, "fields": {"password": "pbkdf2_sha256$180000$fXQBTJNgyfCk$uUz+Fha+QfQXaWhH7Pzx1K1E7AKBrRbgU7Tc74vfVPQ=", "last_login": "2020-01-25T12:49:49.545Z", "is_superuser": true, "username": "cavidan", "first_name": "", "last_name": "", "email": "", "is_staff": true, "is_active": true, "date_joined": "2020-01-25T10:22:59.315Z", "groups": [], "user_permissions": []}}, {"model": "goodsApp.event", "pk": 1, "fields": {"title": "Simple markers", "description": "asalsaasasfasa", "text": "asdfgh", "created_at": "2020-01-25T13:04:37.225Z", "image": "blog_images/abad_kolbasa.jpeg", "author": 1, "start_date": "2020-01-01", "end_date": "2020-01-09", "test_date": "2020-01-15", "category": 5}}, {"model": "goodsApp.event", "pk": 2, "fields": {"title": "doc new_modified", "description": "asalsaasasfasa", "text": "sdfgkbvcx", "created_at": "2020-01-25T13:05:02.508Z", "image": "blog_images/consulting_services.jpeg", "author": 3, "start_date": "2020-01-06", "end_date": "2020-01-13", "test_date": "2020-01-27", "category": 6}}, {"model": "goodsApp.event", "pk": 3, "fields": {"title": "Ferrari", "description": "asalsaasasfasa", "text": "sdfgh", "created_at": "2020-01-25T13:27:00.921Z", "image": "blog_images/abad_kolbasa_Zl3BVyB.jpeg", "author": 1, "start_date": "2020-01-06", "end_date": "2020-01-07", "test_date": "2020-01-09", "category": 5}}, {"model": "goodsApp.event", "pk": 4, "fields": {"title": "doc new_modified", "description": "asalsaasasfasa", "text": "sdf", "created_at": "2020-01-25T13:42:37.776Z", "image": "blog_images/banner-07.jpg", "author": 3, "start_date": "2020-01-14", "end_date": null, "test_date": null, "category": 5}}, {"model": "goodsApp.post", "pk": 1, "fields": {"title": "lorem ipsum", "description": "lorem ipsum lorem ipsum", "text": "lorem ipsum lorem ipsum lorem ipsum lorem ipsum", "created_at": "2020-01-19T12:57:44.527Z", "image": "blog_images/dish1.jpg", "author": 2, "test_date": null, "category": 3}}, {"model": "goodsApp.post", "pk": 2, "fields": {"title": "product1", "description": "lorem ipsum lorem ipsum", "text": "lorem ipsum doler amed", "created_at": "2020-01-19T13:19:38.837Z", "image": "blog_images/sekil1.png", "author": 2, "test_date": null, "category": 1}}, {"model": "goodsApp.post", "pk": 3, "fields": {"title": "Product2", "description": "lorem ipsum lorem ipsum", "text": "lorem ipsum doler amed", "created_at": "2020-01-19T13:20:18.074Z", "image": "blog_images/istanbul.jpeg", "author": 1, "test_date": null, "category": 3}}, {"model": "goodsApp.post", "pk": 4, "fields": {"title": "Product3", "description": "lorem ipsum lorem ipsum", "text": "lorem ipsum doler amed", "created_at": "2020-01-19T13:20:59.454Z", "image": "blog_images/sekil2.png", "author": 2, "test_date": null, "category": 1}}, {"model": "admin.logentry", "pk": 1, "fields": {"action_time": "2020-01-09T12:50:58.575Z", "user": 1, "content_type": 8, "object_id": "1", "object_repr": "Savalan", "action_flag": 1, "change_message": "[{\"added\": {}}]"}}, {"model": "admin.logentry", "pk": 2, "fields": {"action_time": "2020-01-09T12:51:42.033Z", "user": 1, "content_type": 7, "object_id": "1", "object_repr": "Icki", "action_flag": 1, "change_message": "[{\"added\": {}}]"}}, {"model": "admin.logentry", "pk": 3, "fields": {"action_time": "2020-01-09T12:59:23.976Z", "user": 1, "content_type": 8, "object_id": "1", "object_repr": "Savalan", "action_flag": 2, "change_message": "[{\"changed\": {\"fields\": [\"Email\"]}}]"}}, {"model": "admin.logentry", "pk": 4, "fields": {"action_time": "2020-01-10T16:14:31.024Z", "user": 1, "content_type": 7, "object_id": "1", "object_repr": "Icki", "action_flag": 2, "change_message": "[]"}}, {"model": "admin.logentry", "pk": 5, "fields": {"action_time": "2020-01-10T16:15:45.861Z", "user": 1, "content_type": 7, "object_id": "2", "object_repr": "geyim", "action_flag": 1, "change_message": "[{\"added\": {}}]"}}, {"model": "admin.logentry", "pk": 6, "fields": {"action_time": "2020-01-10T16:30:20.071Z", "user": 1, "content_type": 8, "object_id": "1", "object_repr": "Savalan", "action_flag": 2, "change_message": "[{\"changed\": {\"fields\": [\"Category\"]}}]"}}, {"model": "admin.logentry", "pk": 7, "fields": {"action_time": "2020-01-11T09:22:38.252Z", "user": 1, "content_type": 8, "object_id": "2", "object_repr": "Qebele", "action_flag": 1, "change_message": "[{\"added\": {}}]"}}, {"model": "admin.logentry", "pk": 8, "fields": {"action_time": "2020-01-11T09:24:33.989Z", "user": 1, "content_type": 8, "object_id": "3", "object_repr": "Qebele_1", "action_flag": 1, "change_message": "[{\"added\": {}}]"}}, {"model": "admin.logentry", "pk": 9, "fields": {"action_time": "2020-01-11T09:29:13.889Z", "user": 1, "content_type": 8, "object_id": "4", "object_repr": "Salvar", "action_flag": 1, "change_message": "[{\"added\": {}}]"}}, {"model": "admin.logentry", "pk": 10, "fields": {"action_time": "2020-01-11T09:31:14.154Z", "user": 1, "content_type": 8, "object_id": "5", "object_repr": "woman jeans", "action_flag": 1, "change_message": "[{\"added\": {}}]"}}, {"model": "admin.logentry", "pk": 11, "fields": {"action_time": "2020-01-11T10:44:22.291Z", "user": 1, "content_type": 8, "object_id": "1", "object_repr": "Savalan", "action_flag": 2, "change_message": "[]"}}, {"model": "admin.logentry", "pk": 12, "fields": {"action_time": "2020-01-12T19:11:32.645Z", "user": 1, "content_type": 7, "object_id": "3", "object_repr": "MIlk Products", "action_flag": 1, "change_message": "[{\"added\": {}}]"}}, {"model": "admin.logentry", "pk": 13, "fields": {"action_time": "2020-01-12T19:11:40.157Z", "user": 1, "content_type": 7, "object_id": "3", "object_repr": "MIlk Products", "action_flag": 2, "change_message": "[]"}}, {"model": "admin.logentry", "pk": 14, "fields": {"action_time": "2020-01-12T19:12:02.961Z", "user": 1, "content_type": 7, "object_id": "1", "object_repr": "Alcohol Drinks", "action_flag": 2, "change_message": "[{\"changed\": {\"fields\": [\"Name\"]}}]"}}, {"model": "admin.logentry", "pk": 15, "fields": {"action_time": "2020-01-12T19:12:14.907Z", "user": 1, "content_type": 7, "object_id": "2", "object_repr": "Clothing", "action_flag": 2, "change_message": "[{\"changed\": {\"fields\": [\"Name\"]}}]"}}, {"model": "admin.logentry", "pk": 16, "fields": {"action_time": "2020-01-12T19:12:32.202Z", "user": 1, "content_type": 7, "object_id": "4", "object_repr": "Handmade", "action_flag": 1, "change_message": "[{\"added\": {}}]"}}, {"model": "admin.logentry", "pk": 17, "fields": {"action_time": "2020-01-12T19:13:15.257Z", "user": 1, "content_type": 7, "object_id": "5", "object_repr": "Meat & Meat Products", "action_flag": 1, "change_message": "[{\"added\": {}}]"}}, {"model": "admin.logentry", "pk": 18, "fields": {"action_time": "2020-01-12T19:13:42.784Z", "user": 1, "content_type": 7, "object_id": "6", "object_repr": "Services", "action_flag": 1, "change_message": "[{\"added\": {}}]"}}, {"model": "admin.logentry", "pk": 19, "fields": {"action_time": "2020-01-12T19:13:59.700Z", "user": 1, "content_type": 7, "object_id": "7", "object_repr": "Machinery", "action_flag": 1, "change_message": "[{\"added\": {}}]"}}, {"model": "admin.logentry", "pk": 20, "fields": {"action_time": "2020-01-12T19:15:07.567Z", "user": 1, "content_type": 7, "object_id": "8", "object_repr": "Agriculture Products", "action_flag": 1, "change_message": "[{\"added\": {}}]"}}, {"model": "admin.logentry", "pk": 21, "fields": {"action_time": "2020-01-12T19:17:14.632Z", "user": 1, "content_type": 7, "object_id": "9", "object_repr": "Pharmaceuticals", "action_flag": 1, "change_message": "[{\"added\": {}}]"}}, {"model": "admin.logentry", "pk": 22, "fields": {"action_time": "2020-01-12T19:18:30.031Z", "user": 1, "content_type": 7, "object_id": "10", "object_repr": "Franchises", "action_flag": 1, "change_message": "[{\"added\": {}}]"}}, {"model": "admin.logentry", "pk": 23, "fields": {"action_time": "2020-01-12T19:24:16.338Z", "user": 1, "content_type": 8, "object_id": "6", "object_repr": "Cheese Qaymaq", "action_flag": 1, "change_message": "[{\"added\": {}}]"}}, {"model": "admin.logentry", "pk": 24, "fields": {"action_time": "2020-01-12T19:25:35.815Z", "user": 1, "content_type": 8, "object_id": "7", "object_repr": "Nehre Butter", "action_flag": 1, "change_message": "[{\"added\": {}}]"}}, {"model": "admin.logentry", "pk": 25, "fields": {"action_time": "2020-01-12T19:26:41.095Z", "user": 1, "content_type": 8, "object_id": "8", "object_repr": "Dovga Qaymaq", "action_flag": 1, "change_message": "[{\"added\": {}}]"}}, {"model": "admin.logentry", "pk": 26, "fields": {"action_time": "2020-01-12T19:26:58.700Z", "user": 1, "content_type": 8, "object_id": "5", "object_repr": "Women Jeans", "action_flag": 2, "change_message": "[{\"changed\": {\"fields\": [\"Name\"]}}]"}}, {"model": "admin.logentry", "pk": 27, "fields": {"action_time": "2020-01-12T19:27:13.740Z", "user": 1, "content_type": 8, "object_id": "4", "object_repr": "Men Jeans", "action_flag": 2, "change_message": "[{\"changed\": {\"fields\": [\"Name\"]}}]"}}, {"model": "admin.logentry", "pk": 28, "fields": {"action_time": "2020-01-12T19:27:40.761Z", "user": 1, "content_type": 8, "object_id": "3", "object_repr": "Qebele Shakh", "action_flag": 2, "change_message": "[{\"changed\": {\"fields\": [\"Name\"]}}]"}}, {"model": "admin.logentry", "pk": 29, "fields": {"action_time": "2020-01-12T19:27:59.437Z", "user": 1, "content_type": 8, "object_id": "2", "object_repr": "Qebele Stary Dvornik", "action_flag": 2, "change_message": "[{\"changed\": {\"fields\": [\"Name\"]}}]"}}, {"model": "admin.logentry", "pk": 30, "fields": {"action_time": "2020-01-12T19:30:58.474Z", "user": 1, "content_type": 8, "object_id": "9", "object_repr": "Kabazadeh", "action_flag": 1, "change_message": "[{\"added\": {}}]"}}, {"model": "admin.logentry", "pk": 31, "fields": {"action_time": "2020-01-12T19:33:34.200Z", "user": 1, "content_type": 8, "object_id": "10", "object_repr": "Shaurma \u21161", "action_flag": 1, "change_message": "[{\"added\": {}}]"}}, {"model": "admin.logentry", "pk": 32, "fields": {"action_time": "2020-01-12T19:38:44.485Z", "user": 1, "content_type": 8, "object_id": "11", "object_repr": "Handmade Scarfs", "action_flag": 1, "change_message": "[{\"added\": {}}]"}}, {"model": "admin.logentry", "pk": 33, "fields": {"action_time": "2020-01-12T19:39:42.670Z", "user": 1, "content_type": 8, "object_id": "12", "object_repr": "Handmade Nards", "action_flag": 1, "change_message": "[{\"added\": {}}]"}}, {"model": "admin.logentry", "pk": 34, "fields": {"action_time": "2020-01-12T19:40:38.012Z", "user": 1, "content_type": 8, "object_id": "13", "object_repr": "Handmade Carpet", "action_flag": 1, "change_message": "[{\"added\": {}}]"}}, {"model": "admin.logentry", "pk": 35, "fields": {"action_time": "2020-01-12T19:43:08.033Z", "user": 1, "content_type": 8, "object_id": "14", "object_repr": "Abad Kolbasa", "action_flag": 1, "change_message": "[{\"added\": {}}]"}}, {"model": "admin.logentry", "pk": 36, "fields": {"action_time": "2020-01-12T19:43:46.095Z", "user": 1, "content_type": 8, "object_id": "15", "object_repr": "Kral Kolbasa", "action_flag": 1, "change_message": "[{\"added\": {}}]"}}, {"model": "admin.logentry", "pk": 37, "fields": {"action_time": "2020-01-12T19:47:02.948Z", "user": 1, "content_type": 8, "object_id": "16", "object_repr": "Banking Services", "action_flag": 1, "change_message": "[{\"added\": {}}]"}}, {"model": "admin.logentry", "pk": 38, "fields": {"action_time": "2020-01-12T19:47:47.151Z", "user": 1, "content_type": 8, "object_id": "17", "object_repr": "Consulting Services", "action_flag": 1, "change_message": "[{\"added\": {}}]"}}, {"model": "admin.logentry", "pk": 39, "fields": {"action_time": "2020-01-12T19:49:58.456Z", "user": 1, "content_type": 8, "object_id": "18", "object_repr": "Naz Auto", "action_flag": 1, "change_message": "[{\"added\": {}}]"}}, {"model": "admin.logentry", "pk": 40, "fields": {"action_time": "2020-01-12T19:50:38.873Z", "user": 1, "content_type": 8, "object_id": "19", "object_repr": "Khazar Auto", "action_flag": 1, "change_message": "[{\"added\": {}}]"}}, {"model": "admin.logentry", "pk": 41, "fields": {"action_time": "2020-01-12T19:53:46.892Z", "user": 1, "content_type": 8, "object_id": "20", "object_repr": "Tomatoes", "action_flag": 1, "change_message": "[{\"added\": {}}]"}}, {"model": "admin.logentry", "pk": 42, "fields": {"action_time": "2020-01-12T19:54:53.135Z", "user": 1, "content_type": 8, "object_id": "21", "object_repr": "Persimmon", "action_flag": 1, "change_message": "[{\"added\": {}}]"}}, {"model": "admin.logentry", "pk": 43, "fields": {"action_time": "2020-01-12T19:55:41.863Z", "user": 1, "content_type": 8, "object_id": "22", "object_repr": "Hazelnuts", "action_flag": 1, "change_message": "[{\"added\": {}}]"}}, {"model": "admin.logentry", "pk": 44, "fields": {"action_time": "2020-01-12T19:59:16.573Z", "user": 1, "content_type": 8, "object_id": "23", "object_repr": "Ethnoscience", "action_flag": 1, "change_message": "[{\"added\": {}}]"}}, {"model": "admin.logentry", "pk": 45, "fields": {"action_time": "2020-01-13T06:19:21.456Z", "user": 1, "content_type": 8, "object_id": "3", "object_repr": "Qebele Shakh", "action_flag": 2, "change_message": "[{\"changed\": {\"fields\": [\"description\"]}}]"}}, {"model": "admin.logentry", "pk": 46, "fields": {"action_time": "2020-01-17T15:20:22.388Z", "user": 1, "content_type": 8, "object_id": "24", "object_repr": "Milk", "action_flag": 1, "change_message": "[{\"added\": {}}]"}}, {"model": "admin.logentry", "pk": 47, "fields": {"action_time": "2020-01-17T15:21:30.687Z", "user": 1, "content_type": 8, "object_id": "25", "object_repr": "Milk", "action_flag": 1, "change_message": "[{\"added\": {}}]"}}, {"model": "admin.logentry", "pk": 48, "fields": {"action_time": "2020-01-17T15:22:34.648Z", "user": 1, "content_type": 8, "object_id": "26", "object_repr": "Milk", "action_flag": 1, "change_message": "[{\"added\": {}}]"}}, {"model": "admin.logentry", "pk": 49, "fields": {"action_time": "2020-01-17T15:23:54.603Z", "user": 1, "content_type": 8, "object_id": "27", "object_repr": "Milk", "action_flag": 1, "change_message": "[{\"added\": {}}]"}}, {"model": "admin.logentry", "pk": 50, "fields": {"action_time": "2020-01-19T09:47:07.798Z", "user": 2, "content_type": 10, "object_id": "1", "object_repr": "Home", "action_flag": 1, "change_message": "[{\"added\": {}}]"}}, {"model": "admin.logentry", "pk": 51, "fields": {"action_time": "2020-01-19T09:47:23.841Z", "user": 2, "content_type": 10, "object_id": "2", "object_repr": "About", "action_flag": 1, "change_message": "[{\"added\": {}}]"}}, {"model": "admin.logentry", "pk": 52, "fields": {"action_time": "2020-01-19T09:48:05.905Z", "user": 2, "content_type": 10, "object_id": "3", "object_repr": "Products", "action_flag": 1, "change_message": "[{\"added\": {}}]"}}, {"model": "admin.logentry", "pk": 53, "fields": {"action_time": "2020-01-19T09:50:35.408Z", "user": 2, "content_type": 9, "object_id": "1", "object_repr": "AboutPage object (1)", "action_flag": 1, "change_message": "[{\"added\": {}}]"}}, {"model": "admin.logentry", "pk": 54, "fields": {"action_time": "2020-01-19T09:52:03.887Z", "user": 2, "content_type": 11, "object_id": "1", "object_repr": "Partner object (1)", "action_flag": 1, "change_message": "[{\"added\": {}}]"}}, {"model": "admin.logentry", "pk": 55, "fields": {"action_time": "2020-01-19T09:52:24.694Z", "user": 2, "content_type": 11, "object_id": "2", "object_repr": "Partner object (2)", "action_flag": 1, "change_message": "[{\"added\": {}}]"}}, {"model": "admin.logentry", "pk": 56, "fields": {"action_time": "2020-01-19T09:52:25.039Z", "user": 2, "content_type": 11, "object_id": "3", "object_repr": "Partner object (3)", "action_flag": 1, "change_message": "[{\"added\": {}}]"}}, {"model": "admin.logentry", "pk": 57, "fields": {"action_time": "2020-01-19T09:52:50.389Z", "user": 2, "content_type": 11, "object_id": "4", "object_repr": "Partner object (4)", "action_flag": 1, "change_message": "[{\"added\": {}}]"}}, {"model": "admin.logentry", "pk": 58, "fields": {"action_time": "2020-01-19T09:53:08.895Z", "user": 2, "content_type": 11, "object_id": "5", "object_repr": "Partner object (5)", "action_flag": 1, "change_message": "[{\"added\": {}}]"}}, {"model": "admin.logentry", "pk": 59, "fields": {"action_time": "2020-01-19T09:54:37.978Z", "user": 2, "content_type": 11, "object_id": "3", "object_repr": "Partner object (3)", "action_flag": 3, "change_message": ""}}, {"model": "admin.logentry", "pk": 60, "fields": {"action_time": "2020-01-19T10:02:01.594Z", "user": 2, "content_type": 10, "object_id": "3", "object_repr": "Products", "action_flag": 2, "change_message": "[{\"changed\": {\"fields\": [\"Url\"]}}]"}}, {"model": "admin.logentry", "pk": 61, "fields": {"action_time": "2020-01-19T10:02:16.734Z", "user": 2, "content_type": 10, "object_id": "2", "object_repr": "About", "action_flag": 2, "change_message": "[{\"changed\": {\"fields\": [\"Url\"]}}]"}}, {"model": "admin.logentry", "pk": 62, "fields": {"action_time": "2020-01-19T10:03:22.243Z", "user": 2, "content_type": 10, "object_id": "1", "object_repr": "Home", "action_flag": 2, "change_message": "[{\"changed\": {\"fields\": [\"Url\"]}}]"}}, {"model": "admin.logentry", "pk": 63, "fields": {"action_time": "2020-01-19T12:57:44.553Z", "user": 2, "content_type": 12, "object_id": "1", "object_repr": "lorem ipsum", "action_flag": 1, "change_message": "[{\"added\": {}}]"}}, {"model": "admin.logentry", "pk": 64, "fields": {"action_time": "2020-01-19T13:17:11.234Z", "user": 2, "content_type": 10, "object_id": "4", "object_repr": "Blog", "action_flag": 1, "change_message": "[{\"added\": {}}]"}}, {"model": "admin.logentry", "pk": 65, "fields": {"action_time": "2020-01-19T13:19:38.843Z", "user": 2, "content_type": 12, "object_id": "2", "object_repr": "product1", "action_flag": 1, "change_message": "[{\"added\": {}}]"}}, {"model": "admin.logentry", "pk": 66, "fields": {"action_time": "2020-01-19T13:20:18.079Z", "user": 2, "content_type": 12, "object_id": "3", "object_repr": "Product2", "action_flag": 1, "change_message": "[{\"added\": {}}]"}}, {"model": "admin.logentry", "pk": 67, "fields": {"action_time": "2020-01-19T13:20:59.460Z", "user": 2, "content_type": 12, "object_id": "4", "object_repr": "Product3", "action_flag": 1, "change_message": "[{\"added\": {}}]"}}, {"model": "admin.logentry", "pk": 68, "fields": {"action_time": "2020-01-25T10:25:07.995Z", "user": 3, "content_type": 8, "object_id": "28", "object_repr": "product xxxxx", "action_flag": 1, "change_message": "[{\"added\": {}}]"}}, {"model": "admin.logentry", "pk": 69, "fields": {"action_time": "2020-01-25T11:03:12.865Z", "user": 3, "content_type": 10, "object_id": "4", "object_repr": "Blog", "action_flag": 2, "change_message": "[]"}}, {"model": "admin.logentry", "pk": 70, "fields": {"action_time": "2020-01-25T11:26:03.369Z", "user": 3, "content_type": 11, "object_id": "6", "object_repr": "Partner object (6)", "action_flag": 1, "change_message": "[{\"added\": {}}]"}}, {"model": "admin.logentry", "pk": 71, "fields": {"action_time": "2020-01-25T12:50:09.408Z", "user": 3, "content_type": 10, "object_id": "5", "object_repr": "Event", "action_flag": 1, "change_message": "[{\"added\": {}}]"}}, {"model": "admin.logentry", "pk": 72, "fields": {"action_time": "2020-01-25T13:04:37.226Z", "user": 3, "content_type": 13, "object_id": "1", "object_repr": "Simple markers", "action_flag": 1, "change_message": "[{\"added\": {}}]"}}, {"model": "admin.logentry", "pk": 73, "fields": {"action_time": "2020-01-25T13:05:02.510Z", "user": 3, "content_type": 13, "object_id": "2", "object_repr": "doc new_modified", "action_flag": 1, "change_message": "[{\"added\": {}}]"}}, {"model": "admin.logentry", "pk": 74, "fields": {"action_time": "2020-01-25T13:26:34.522Z", "user": 3, "content_type": 13, "object_id": "2", "object_repr": "doc new_modified", "action_flag": 2, "change_message": "[{\"changed\": {\"fields\": [\"Category\"]}}]"}}, {"model": "admin.logentry", "pk": 75, "fields": {"action_time": "2020-01-25T13:26:41.213Z", "user": 3, "content_type": 13, "object_id": "1", "object_repr": "Simple markers", "action_flag": 2, "change_message": "[{\"changed\": {\"fields\": [\"Category\"]}}]"}}, {"model": "admin.logentry", "pk": 76, "fields": {"action_time": "2020-01-25T13:27:00.924Z", "user": 3, "content_type": 13, "object_id": "3", "object_repr": "Ferrari", "action_flag": 1, "change_message": "[{\"added\": {}}]"}}, {"model": "admin.logentry", "pk": 77, "fields": {"action_time": "2020-01-25T13:41:56.031Z", "user": 3, "content_type": 13, "object_id": "3", "object_repr": "Ferrari", "action_flag": 2, "change_message": "[]"}}, {"model": "admin.logentry", "pk": 78, "fields": {"action_time": "2020-01-25T13:42:37.778Z", "user": 3, "content_type": 13, "object_id": "4", "object_repr": "doc new_modified", "action_flag": 1, "change_message": "[{\"added\": {}}]"}}, {"model": "admin.logentry", "pk": 79, "fields": {"action_time": "2020-01-25T14:10:41.103Z", "user": 3, "content_type": 12, "object_id": "4", "object_repr": "Product3", "action_flag": 2, "change_message": "[{\"changed\": {\"fields\": [\"Category\"]}}]"}}, {"model": "admin.logentry", "pk": 80, "fields": {"action_time": "2020-01-25T14:10:45.643Z", "user": 3, "content_type": 12, "object_id": "3", "object_repr": "Product2", "action_flag": 2, "change_message": "[{\"changed\": {\"fields\": [\"Category\"]}}]"}}, {"model": "admin.logentry", "pk": 81, "fields": {"action_time": "2020-01-25T14:10:49.912Z", "user": 3, "content_type": 12, "object_id": "2", "object_repr": "product1", "action_flag": 2, "change_message": "[{\"changed\": {\"fields\": [\"Category\"]}}]"}}, {"model": "admin.logentry", "pk": 82, "fields": {"action_time": "2020-01-25T14:10:55.149Z", "user": 3, "content_type": 12, "object_id": "1", "object_repr": "lorem ipsum", "action_flag": 2, "change_message": "[{\"changed\": {\"fields\": [\"Category\"]}}]"}}, {"model": "admin.logentry", "pk": 83, "fields": {"action_time": "2020-01-25T14:55:23.338Z", "user": 3, "content_type": 15, "object_id": "1", "object_repr": "PRODUCE", "action_flag": 1, "change_message": "[{\"added\": {}}]"}}, {"model": "admin.logentry", "pk": 84, "fields": {"action_time": "2020-01-25T14:55:37.659Z", "user": 3, "content_type": 14, "object_id": "1", "object_repr": "PRODUCE", "action_flag": 1, "change_message": "[{\"added\": {}}]"}}, {"model": "admin.logentry", "pk": 85, "fields": {"action_time": "2020-01-25T14:55:43.960Z", "user": 3, "content_type": 14, "object_id": "2", "object_repr": "PRODUCE", "action_flag": 1, "change_message": "[{\"added\": {}}]"}}, {"model": "admin.logentry", "pk": 86, "fields": {"action_time": "2020-01-25T14:55:54.135Z", "user": 3, "content_type": 14, "object_id": "3", "object_repr": "PRODUCE", "action_flag": 1, "change_message": "[{\"added\": {}}]"}}, {"model": "admin.logentry", "pk": 87, "fields": {"action_time": "2020-01-25T14:56:05.298Z", "user": 3, "content_type": 14, "object_id": "4", "object_repr": "PRODUCE", "action_flag": 1, "change_message": "[{\"added\": {}}]"}}, {"model": "admin.logentry", "pk": 88, "fields": {"action_time": "2020-01-25T15:06:28.149Z", "user": 3, "content_type": 10, "object_id": "6", "object_repr": "Contact", "action_flag": 1, "change_message": "[{\"added\": {}}]"}}, {"model": "admin.logentry", "pk": 89, "fields": {"action_time": "2020-01-26T10:43:07.767Z", "user": 3, "content_type": 8, "object_id": "29", "object_repr": "dfsadasf", "action_flag": 1, "change_message": "[{\"added\": {}}]"}}, {"model": "admin.logentry", "pk": 90, "fields": {"action_time": "2020-01-26T10:43:44.156Z", "user": 3, "content_type": 8, "object_id": "30", "object_repr": "ewrwqrweqr", "action_flag": 1, "change_message": "[{\"added\": {}}]"}}]